TradeID,OrderID,Trader,Account,Branch,route,bkrsym,rrno,B/S,SHORT,Market,symb,qty,price,time
25032,16347,1GDN-001173-1,1173,1GDN,ARCA,ARCX,,B,N,Lmt,MLGO,7,16.81,03/25/25 11:28:25
30040,19321,1GDN-001173-1,1173,1GDN,ARCA,ARCX,,S,N,Lmt,GDHG,2,3.31,03/25/25 12:58:03
30041,19327,1GDN-001173-1,1173,1GDN,ARCA,ARCX,,S,N,Lmt,GDHG,2,3.32,03/25/25 12:58:06
30044,19332,1GDN-001173-1,1173,1GDN,ARCA,ARCX,,S,N,Lmt,GDHG,2,3.44,03/25/25 12:58:09
30062,19334,1GDN-001173-1,1173,1GDN,ARCA,ARCX,,S,N,Lmt,GDHG,2,3.46,03/25/25 12:58:11
30071,19336,1GDN-001173-1,1173,1GDN,ARCA,ARCX,,S,N,Lmt,GDHG,2,3.45,03/25/25 12:58:17
25073,16447,1GDN-001173-1,1173,1GDN,ARCA,ARCX,,S,N,Lmt,MLGO,1,17.1,03/25/25 11:28:48
25078,16453,1GDN-001173-1,1173,1GDN,ARCA,ARCX,,S,N,Lmt,MLGO,1,17.23,03/25/25 11:28:49
25098,16461,1GDN-001173-1,1173,1GDN,ARCA,ARCX,,S,N,Lmt,MLGO,1,17.48,03/25/25 11:29:09
25155,16494,1GDN-001173-1,1173,1GDN,ARCA,ARCX,,S,N,Lmt,MLGO,1,17.39,03/25/25 11:30:11
30160,19340,1GDN-001173-1,1173,1GDN,ARCA,ARCX,,S,N,Lmt,GDHG,1,3.42,03/25/25 12:58:34
25165,16521,1GDN-001173-1,1173,1GDN,ARCA,ARCX,,S,N,Lmt,MLGO,1,17.36,03/25/25 11:30:40
30185,19348,1GDN-001173-1,1173,1GDN,ARCA,ARCX,,S,N,Lmt,GDHG,1,3.4,03/25/25 12:58:53
30186,19346,1GDN-001173-1,1173,1GDN,ARCA,ARCX,,S,N,Lmt,GDHG,1,3.43,03/25/25 12:58:56
25193,16538,1GDN-001173-1,1173,1GDN,ARCA,ARCX,,S,N,Lmt,MLGO,1,17.78,03/25/25 11:30:50
30195,19356,1GDN-001173-1,1173,1GDN,ARCA,ARCX,,S,N,Lmt,GDHG,1,3.45,03/25/25 12:59:26
30196,19359,1GDN-001173-1,1173,1GDN,ARCA,ARCX,,S,N,Lmt,GDHG,1,3.47,03/25/25 12:59:28
30202,19360,1GDN-001173-1,1173,1GDN,ARCA,ARCX,,S,N,Lmt,GDHG,1,3.5,03/25/25 12:59:46
25289,16572,1GDN-001173-1,1173,1GDN,ARCA,ARCX,,S,N,Lmt,MLGO,1,17.56,03/25/25 11:32:14
30314,19389,1GDN-001173-1,1173,1GDN,ARCA,ARCX,,S,N,Lmt,GDHG,1,3.6,03/25/25 13:01:12
30316,19391,1GDN-001173-1,1173,1GDN,ARCA,ARCX,,S,N,Lmt,GDHG,1,3.6,03/25/25 13:01:19
30318,19393,1GDN-001173-1,1173,1GDN,ARCA,ARCX,,S,N,Lmt,GDHG,1,3.59,03/25/25 13:01:27
30320,19396,1GDN-001173-1,1173,1GDN,ARCA,ARCX,,S,N,Lmt,GDHG,1,3.58,03/25/25 13:01:33
30334,19409,1GDN-001173-1,1173,1GDN,ARCA,ARCX,,S,N,Lmt,GDHG,1,3.73,03/25/25 13:02:10
30340,19415,1GDN-001173-1,1173,1GDN,ARCA,ARCX,,S,N,Lmt,GDHG,1,3.74,03/25/25 13:02:53
30345,19422,1GDN-001173-1,1173,1GDN,ARCA,ARCX,,S,N,Lmt,GDHG,1,3.81,03/25/25 13:03:10
30352,19426,1GDN-001173-1,1173,1GDN,ARCA,ARCX,,S,N,Lmt,GDHG,1,3.85,03/25/25 13:03:18
30380,19444,1GDN-001173-1,1173,1GDN,ARCA,ARCX,,S,N,Lmt,GDHG,1,3.87,03/25/25 13:04:02
30407,19452,1GDN-001173-1,1173,1GDN,ARCA,ARCX,,S,N,Lmt,GDHG,4,3.98,03/25/25 13:04:24
30493,19516,1GDN-001173-1,1173,1GDN,ARCA,ARCX,,B,N,Lmt,GDHG,23,3.75,03/25/25 13:06:52
30495,19520,1GDN-001173-1,1173,1GDN,ARCA,ARCX,,B,N,Lmt,GDHG,23,3.65,03/25/25 13:07:26
25576,16663,1GDN-001173-1,1173,1GDN,ARCA,ARCX,,B,N,Lmt,MLGO,7,19.0,03/25/25 11:34:28
30596,19550,1GDN-001173-1,1173,1GDN,ARCA,ARCX,,S,N,Lmt,GDHG,4,3.71,03/25/25 13:10:12
30600,19595,1GDN-001173-1,1173,1GDN,ARCA,ARCX,,S,N,Lmt,GDHG,4,3.77,03/25/25 13:10:15
30608,19605,1GDN-001173-1,1173,1GDN,ARCA,ARCX,,S,N,Lmt,GDHG,3,3.79,03/25/25 13:10:21
30611,19599,1GDN-001173-1,1173,1GDN,ARCA,ARCX,,S,N,Lmt,GDHG,3,3.81,03/25/25 13:10:21
30613,19608,1GDN-001173-1,1173,1GDN,ARCA,ARCX,,S,N,Lmt,GDHG,3,3.78,03/25/25 13:10:25
25624,16693,1GDN-001173-1,1173,1GDN,ARCA,ARCX,,S,N,Lmt,MLGO,1,18.41,03/25/25 11:35:34
30633,19640,1GDN-001173-1,1173,1GDN,ARCA,ARCX,,S,N,Lmt,GDHG,5,3.72,03/25/25 13:10:51
30635,19643,1GDN-001173-1,1173,1GDN,ARCA,ARCX,,S,N,Lmt,GDHG,4,3.71,03/25/25 13:10:53
30660,19664,1GDN-001173-1,1173,1GDN,ARCA,ARCX,,S,N,Lmt,GDHG,4,3.53,03/25/25 13:11:36
30669,19670,1GDN-001173-1,1173,1GDN,ARCA,ARCX,,B,N,Lmt,GDHG,35,3.38,03/25/25 13:11:44
30674,19674,1GDN-001173-1,1173,1GDN,ARCA,ARCX,,B,N,Lmt,GDHG,35,3.39,03/25/25 13:11:47
25681,16737,1GDN-001173-1,1173,1GDN,ARCA,ARCX,,S,N,Lmt,MLGO,4,18.0,03/25/25 11:36:48
25682,16737,1GDN-001173-1,1173,1GDN,ARCA,ARCX,,S,N,Lmt,MLGO,2,18.0,03/25/25 11:36:48
30682,19678,1GDN-001173-1,1173,1GDN,ARCA,ARCX,,B,N,Lmt,GDHG,35,3.34,03/25/25 13:11:51
30696,19692,1GDN-001173-1,1173,1GDN,ARCA,ARCX,,S,N,Lmt,GDHG,60,3.46,03/25/25 13:12:01
30701,19698,1GDN-001173-1,1173,1GDN,ARCA,ARCX,,S,N,Lmt,GDHG,30,3.48,03/25/25 13:12:09
30714,19703,1GDN-001173-1,1173,1GDN,ARCA,ARCX,,S,N,Lmt,GDHG,15,3.5,03/25/25 13:12:18
721,538,1GDN-001173-1,1173,1GDN,ARCA,ARCX,,B,N,Lmt,TNON,23,1.97,03/25/25 05:16:47
30816,19771,1GDN-001173-1,1173,1GDN,ARCA,ARCX,,B,N,Lmt,GDHG,35,3.28,03/25/25 13:13:00
30835,19782,1GDN-001173-1,1173,1GDN,ARCA,ARCX,,S,N,Lmt,GDHG,25,3.35,03/25/25 13:13:18
30866,19824,1GDN-001173-1,1173,1GDN,ARCA,ARCX,,S,N,Lmt,GDHG,2,3.41,03/25/25 13:13:53
898,555,1GDN-001173-1,1173,1GDN,ARCA,ARCX,,S,N,Lmt,TNON,23,1.88,03/25/25 05:24:30
30935,19875,1GDN-001173-1,1173,1GDN,ARCA,ARCX,,S,N,Lmt,GDHG,4,3.15,03/25/25 13:16:05
30980,19903,1GDN-001173-1,1173,1GDN,ARCA,ARCX,,S,N,Lmt,GDHG,4,3.01,03/25/25 13:16:43
30982,19908,1GDN-001173-1,1173,1GDN,ARCA,ARCX,,S,N,Lmt,GDHG,3,2.99,03/25/25 13:16:47
30983,19909,1GDN-001173-1,1173,1GDN,ARCA,ARCX,,S,N,Lmt,GDHG,2,2.98,03/25/25 13:16:48
30989,19921,1GDN-001173-1,1173,1GDN,ARCA,ARCX,,S,N,Lmt,GDHG,11,2.88,03/25/25 13:16:55
1166,757,1GDN-001173-1,1173,1GDN,ARCA,ARCX,,B,N,Lmt,TNON,35,2.14,03/25/25 05:53:47
1178,762,1GDN-001173-1,1173,1GDN,ARCA,ARCX,,S,N,Lmt,TNON,3,2.18,03/25/25 05:54:23
1179,765,1GDN-001173-1,1173,1GDN,ARCA,ARCX,,S,N,Lmt,TNON,3,2.18,03/25/25 05:54:23
1180,768,1GDN-001173-1,1173,1GDN,ARCA,ARCX,,S,N,Lmt,TNON,2,2.17,03/25/25 05:55:13
1226,798,1GDN-001173-1,1173,1GDN,ARCA,ARCX,,S,N,Lmt,TNON,2,2.18,03/25/25 05:59:41
1277,820,1GDN-001173-1,1173,1GDN,ARCA,ARCX,,B,N,Lmt,TNON,35,2.1,03/25/25 06:01:55
1278,818,1GDN-001173-1,1173,1GDN,ARCA,ARCX,,B,N,Lmt,TNON,35,2.1,03/25/25 06:01:56
1331,859,1GDN-001173-1,1173,1GDN,ARCA,ARCX,,S,N,Lmt,TNON,9,2.11,03/25/25 06:03:41
1334,854,1GDN-001173-1,1173,1GDN,ARCA,ARCX,,S,N,Lmt,TNON,9,2.12,03/25/25 06:03:43
1340,870,1GDN-001173-1,1173,1GDN,ARCA,ARCX,,S,N,Lmt,TNON,7,2.12,03/25/25 06:04:10
1341,871,1GDN-001173-1,1173,1GDN,ARCA,ARCX,,S,N,Lmt,TNON,7,2.12,03/25/25 06:04:10
1344,874,1GDN-001173-1,1173,1GDN,ARCA,ARCX,,S,N,Lmt,TNON,6,2.14,03/25/25 06:04:21
1345,875,1GDN-001173-1,1173,1GDN,ARCA,ARCX,,S,N,Lmt,TNON,6,2.14,03/25/25 06:04:21
1353,885,1GDN-001173-1,1173,1GDN,ARCA,ARCX,,S,N,Lmt,TNON,5,2.14,03/25/25 06:04:38
1369,887,1GDN-001173-1,1173,1GDN,ARCA,ARCX,,S,N,Lmt,TNON,4,2.15,03/25/25 06:05:11
1382,904,1GDN-001173-1,1173,1GDN,ARCA,ARCX,,S,N,Lmt,TNON,4,2.17,03/25/25 06:05:15
1386,911,1GDN-001173-1,1173,1GDN,ARCA,ARCX,,S,N,Lmt,TNON,3,2.16,03/25/25 06:05:24
1395,921,1GDN-001173-1,1173,1GDN,ARCA,ARCX,,S,N,Lmt,TNON,3,2.18,03/25/25 06:05:31
1396,917,1GDN-001173-1,1173,1GDN,ARCA,ARCX,,S,N,Lmt,TNON,3,2.18,03/25/25 06:05:31
1488,991,1GDN-001173-1,1173,1GDN,ARCA,ARCX,,S,N,Lmt,TNON,2,2.14,03/25/25 06:14:15
1492,995,1GDN-001173-1,1173,1GDN,ARCA,ARCX,,S,N,Lmt,TNON,2,2.17,03/25/25 06:14:20
1494,998,1GDN-001173-1,1173,1GDN,ARCA,ARCX,,S,N,Lmt,TNON,2,2.15,03/25/25 06:14:45
1503,1005,1GDN-001173-1,1173,1GDN,ARCA,ARCX,,S,N,Lmt,TNON,2,2.17,03/25/25 06:15:31
1509,1010,1GDN-001173-1,1173,1GDN,ARCA,ARCX,,S,N,Lmt,TNON,2,2.22,03/25/25 06:15:36
1516,1018,1GDN-001173-1,1173,1GDN,ARCA,ARCX,,S,N,Lmt,TNON,1,2.25,03/25/25 06:15:59
1521,1021,1GDN-001173-1,1173,1GDN,ARCA,ARCX,,S,N,Lmt,TNON,1,2.25,03/25/25 06:16:14
1530,1033,1GDN-001173-1,1173,1GDN,ARCA,ARCX,,S,N,Lmt,TNON,1,2.28,03/25/25 06:16:32
1536,1038,1GDN-001173-1,1173,1GDN,ARCA,ARCX,,S,N,Lmt,TNON,1,2.29,03/25/25 06:16:50
1539,1046,1GDN-001173-1,1173,1GDN,ARCA,ARCX,,S,N,Lmt,TNON,1,2.28,03/25/25 06:17:15
1542,1039,1GDN-001173-1,1173,1GDN,ARCA,ARCX,,S,N,Lmt,TNON,1,2.29,03/25/25 06:17:40
1544,1048,1GDN-001173-1,1173,1GDN,ARCA,ARCX,,S,N,Lmt,TNON,1,2.32,03/25/25 06:17:47
1545,1049,1GDN-001173-1,1173,1GDN,ARCA,ARCX,,S,N,Lmt,TNON,1,2.33,03/25/25 06:17:52
1546,1055,1GDN-001173-1,1173,1GDN,ARCA,ARCX,,S,N,Lmt,TNON,1,2.33,03/25/25 06:18:00
1582,1092,1GDN-001173-1,1173,1GDN,ARCA,ARCX,,S,N,Lmt,TNON,1,2.35,03/25/25 06:19:36
1592,1061,1GDN-001173-1,1173,1GDN,ARCA,ARCX,,S,N,Lmt,TNON,1,2.38,03/25/25 06:19:56
1607,1120,1GDN-001173-1,1173,1GDN,ARCA,ARCX,,S,N,Lmt,TNON,8,2.35,03/25/25 06:21:43
22010,13881,1GDN-001173-1,1173,1GDN,ARCA,ARCX,,B,N,Lmt,DATS,10,4.71,03/25/25 10:45:07
22021,13893,1GDN-001173-1,1173,1GDN,ARCA,ARCX,,B,N,Lmt,DATS,10,4.68,03/25/25 10:45:15
22033,13916,1GDN-001173-1,1173,1GDN,ARCA,ARCX,,S,N,Lmt,DATS,2,4.72,03/25/25 10:45:28
22039,13918,1GDN-001173-1,1173,1GDN,ARCA,ARCX,,S,N,Lmt,DATS,1,4.74,03/25/25 10:45:30
22044,13924,1GDN-001173-1,1173,1GDN,ARCA,ARCX,,S,N,Lmt,DATS,1,4.73,03/25/25 10:45:34
22063,13933,1GDN-001173-1,1173,1GDN,ARCA,ARCX,,S,N,Lmt,DATS,1,4.8,03/25/25 10:45:53
22230,14008,1GDN-001173-1,1173,1GDN,ARCA,ARCX,,S,N,Lmt,DATS,1,4.78,03/25/25 10:47:31
22238,13938,1GDN-001173-1,1173,1GDN,ARCA,ARCX,,S,N,Lmt,DATS,1,4.81,03/25/25 10:47:43
22254,13934,1GDN-001173-1,1173,1GDN,ARCA,ARCX,,S,N,Lmt,DATS,1,4.83,03/25/25 10:48:06
22258,14041,1GDN-001173-1,1173,1GDN,ARCA,ARCX,,S,N,Lmt,DATS,1,4.93,03/25/25 10:48:09
22265,14044,1GDN-001173-1,1173,1GDN,ARCA,ARCX,,S,N,Lmt,DATS,1,4.98,03/25/25 10:48:13
22282,14052,1GDN-001173-1,1173,1GDN,ARCA,ARCX,,S,N,Lmt,DATS,1,5.09,03/25/25 10:48:20
22327,14087,1GDN-001173-1,1173,1GDN,ARCA,ARCX,,S,N,Lmt,DATS,1,5.19,03/25/25 10:48:42
22348,14099,1GDN-001173-1,1173,1GDN,ARCA,ARCX,,S,N,Lmt,DATS,1,5.18,03/25/25 10:48:45
22377,14123,1GDN-001173-1,1173,1GDN,ARCA,ARCX,,S,N,Lmt,DATS,1,5.15,03/25/25 10:48:54
22414,14170,1GDN-001173-1,1173,1GDN,ARCA,ARCX,,S,N,Lmt,DATS,1,5.18,03/25/25 10:49:37
22424,14185,1GDN-001173-1,1173,1GDN,ARCA,ARCX,,S,N,Lmt,DATS,1,5.16,03/25/25 10:50:02
22426,14105,1GDN-001173-1,1173,1GDN,ARCA,ARCX,,S,N,Lmt,DATS,1,5.24,03/25/25 10:50:03
2587,1985,1GDN-001173-1,1173,1GDN,ARCA,ARCX,,B,N,Lmt,TNON,23,3.58,03/25/25 07:03:38
2606,1998,1GDN-001173-1,1173,1GDN,ARCA,ARCX,,S,N,Lmt,TNON,11,3.6,03/25/25 07:03:46
22615,14360,1GDN-001173-1,1173,1GDN,ARCA,ARCX,,S,N,Lmt,DATS,1,5.13,03/25/25 10:53:02
2622,2016,1GDN-001173-1,1173,1GDN,ARCA,ARCX,,S,N,Lmt,TNON,6,3.63,03/25/25 07:03:59
2630,2025,1GDN-001173-1,1173,1GDN,ARCA,ARCX,,S,N,Lmt,TNON,3,3.7,03/25/25 07:04:07
2652,2049,1GDN-001173-1,1173,1GDN,ARCA,ARCX,,S,N,Lmt,TNON,3,3.74,03/25/25 07:04:21
22822,14545,1GDN-001173-1,1173,1GDN,ARCA,ARCX,,S,N,Lmt,DATS,2,4.95,03/25/25 10:56:16
17938,11128,1GDN-001173-1,1173,1GDN,ARCA,ARCX,,B,N,Lmt,DATS,23,5.24,03/25/25 10:06:59
17970,11152,1GDN-001173-1,1173,1GDN,ARCA,ARCX,,S,N,Lmt,DATS,4,5.06,03/25/25 10:07:26
17977,11156,1GDN-001173-1,1173,1GDN,ARCA,ARCX,,S,N,Lmt,DATS,3,5.01,03/25/25 10:07:27
18062,11220,1GDN-001173-1,1173,1GDN,ARCA,ARCX,,B,N,Lmt,DATS,35,5.04,03/25/25 10:07:54
18086,11241,1GDN-001173-1,1173,1GDN,ARCA,ARCX,,S,N,Lmt,DATS,25,5.11,03/25/25 10:08:20
18115,11263,1GDN-001173-1,1173,1GDN,ARCA,ARCX,,S,N,Lmt,DATS,5,5.18,03/25/25 10:08:44
18116,11265,1GDN-001173-1,1173,1GDN,ARCA,ARCX,,S,N,Lmt,DATS,4,5.18,03/25/25 10:08:44
18117,11269,1GDN-001173-1,1173,1GDN,ARCA,ARCX,,S,N,Lmt,DATS,3,5.17,03/25/25 10:08:46
18118,11270,1GDN-001173-1,1173,1GDN,ARCA,ARCX,,S,N,Lmt,DATS,2,5.18,03/25/25 10:08:46
18283,11367,1GDN-001173-1,1173,1GDN,ARCA,ARCX,,B,N,Lmt,DATS,35,4.92,03/25/25 10:09:50
18597,11615,1GDN-001173-1,1173,1GDN,ARCA,ARCX,,S,N,Lmt,DATS,23,5.02,03/25/25 10:13:14
18613,11631,1GDN-001173-1,1173,1GDN,ARCA,ARCX,,S,N,Lmt,DATS,12,5.12,03/25/25 10:13:22
18635,11649,1GDN-001173-1,1173,1GDN,ARCA,ARCX,,S,N,Lmt,DATS,6,5.18,03/25/25 10:13:34
18785,11789,1GDN-001173-1,1173,1GDN,ARCA,ARCX,,B,N,Lmt,DATS,8,4.62,03/25/25 10:14:42
18786,11789,1GDN-001173-1,1173,1GDN,ARCA,ARCX,,B,N,Lmt,DATS,27,4.62,03/25/25 10:14:42
18797,11801,1GDN-001173-1,1173,1GDN,ARCA,ARCX,,S,N,Lmt,DATS,2,4.69,03/25/25 10:14:52
18798,11801,1GDN-001173-1,1173,1GDN,ARCA,ARCX,,S,N,Lmt,DATS,18,4.69,03/25/25 10:14:53
18891,11829,1GDN-001173-1,1173,1GDN,ARCA,ARCX,,S,N,Lmt,DATS,2,4.72,03/25/25 10:15:11
18899,11837,1GDN-001173-1,1173,1GDN,ARCA,ARCX,,S,N,Lmt,DATS,1,4.73,03/25/25 10:15:15
29125,18690,1GDN-001173-1,1173,1GDN,ARCA,ARCX,,B,N,Lmt,GDHG,7,3.17,03/25/25 12:40:24
19178,11954,1GDN-001173-1,1173,1GDN,ARCA,ARCX,,B,N,Lmt,DATS,35,4.5,03/25/25 10:16:47
29180,18721,1GDN-001173-1,1173,1GDN,ARCA,ARCX,,B,N,Lmt,GDHG,35,3.11,03/25/25 12:41:17
29185,18737,1GDN-001173-1,1173,1GDN,ARCA,ARCX,,S,N,Lmt,GDHG,21,3.24,03/25/25 12:41:41
19218,11974,1GDN-001173-1,1173,1GDN,ARCA,ARCX,,B,N,Lmt,DATS,35,4.48,03/25/25 10:17:08
29234,18762,1GDN-001173-1,1173,1GDN,ARCA,ARCX,,S,N,Lmt,GDHG,6,3.24,03/25/25 12:43:07
29239,18785,1GDN-001173-1,1173,1GDN,ARCA,ARCX,,S,N,Lmt,GDHG,6,3.33,03/25/25 12:43:29
19245,12020,1GDN-001173-1,1173,1GDN,ARCA,ARCX,,S,N,Lmt,DATS,8,4.55,03/25/25 10:17:36
29257,18799,1GDN-001173-1,1173,1GDN,ARCA,ARCX,,S,N,Lmt,GDHG,6,3.47,03/25/25 12:44:18
29283,18803,1GDN-001173-1,1173,1GDN,ARCA,ARCX,,S,N,Lmt,GDHG,3,3.55,03/25/25 12:44:59
19309,12025,1GDN-001173-1,1173,1GDN,ARCA,ARCX,,S,N,Lmt,DATS,8,4.57,03/25/25 10:18:05
19315,12043,1GDN-001173-1,1173,1GDN,ARCA,ARCX,,S,N,Lmt,DATS,7,4.53,03/25/25 10:18:09
19395,12110,1GDN-001173-1,1173,1GDN,ARCA,ARCX,,S,N,Lmt,DATS,6,4.61,03/25/25 10:19:01
9409,6245,1GDN-001173-1,1173,1GDN,ARCA,ARCX,,B,N,Lmt,DATS,23,3.185,03/25/25 08:56:11
19423,12130,1GDN-001173-1,1173,1GDN,ARCA,ARCX,,S,N,Lmt,DATS,5,4.71,03/25/25 10:19:09
9435,6247,1GDN-001173-1,1173,1GDN,ARCA,ARCX,,B,N,Lmt,DATS,23,3.1,03/25/25 08:56:45
19439,12142,1GDN-001173-1,1173,1GDN,ARCA,ARCX,,S,N,Lmt,DATS,5,4.78,03/25/25 10:19:13
19462,12147,1GDN-001173-1,1173,1GDN,ARCA,ARCX,,S,N,Lmt,DATS,3,4.75,03/25/25 10:19:17
19467,12147,1GDN-001173-1,1173,1GDN,ARCA,ARCX,,S,N,Lmt,DATS,1,4.75,03/25/25 10:19:17
19468,12151,1GDN-001173-1,1173,1GDN,ARCA,ARCX,,S,N,Lmt,DATS,4,4.77,03/25/25 10:19:18
9481,6281,1GDN-001173-1,1173,1GDN,ARCA,ARCX,,S,N,Lmt,DATS,23,3.18,03/25/25 08:57:48
19481,12155,1GDN-001173-1,1173,1GDN,ARCA,ARCX,,S,N,Lmt,DATS,4,4.79,03/25/25 10:19:23
19484,12158,1GDN-001173-1,1173,1GDN,ARCA,ARCX,,S,N,Lmt,DATS,3,4.82,03/25/25 10:19:26
9486,6285,1GDN-001173-1,1173,1GDN,ARCA,ARCX,,S,N,Lmt,DATS,4,3.25,03/25/25 08:58:06
9487,6286,1GDN-001173-1,1173,1GDN,ARCA,ARCX,,S,N,Lmt,DATS,3,3.26,03/25/25 08:58:08
9488,6287,1GDN-001173-1,1173,1GDN,ARCA,ARCX,,S,N,Lmt,DATS,3,3.24,03/25/25 08:58:11
9490,6290,1GDN-001173-1,1173,1GDN,ARCA,ARCX,,S,N,Lmt,DATS,2,3.25,03/25/25 08:58:13
9492,6297,1GDN-001173-1,1173,1GDN,ARCA,ARCX,,S,N,Lmt,DATS,2,3.24,03/25/25 08:58:23
9498,6310,1GDN-001173-1,1173,1GDN,ARCA,ARCX,,S,N,Lmt,DATS,1,3.31,03/25/25 08:59:06
19498,12174,1GDN-001173-1,1173,1GDN,ARCA,ARCX,,S,N,Lmt,DATS,6,4.83,03/25/25 10:19:36
9499,6311,1GDN-001173-1,1173,1GDN,ARCA,ARCX,,S,N,Lmt,DATS,1,3.35,03/25/25 08:59:06
19499,12160,1GDN-001173-1,1173,1GDN,ARCA,ARCX,,S,N,Lmt,DATS,3,4.84,03/25/25 10:19:37
19505,12189,1GDN-001173-1,1173,1GDN,ARCA,ARCX,,S,N,Lmt,DATS,2,4.91,03/25/25 10:19:45
19541,12209,1GDN-001173-1,1173,1GDN,ARCA,ARCX,,S,N,Lmt,DATS,2,4.9,03/25/25 10:20:07
9557,6339,1GDN-001173-1,1173,1GDN,ARCA,ARCX,,S,N,Lmt,DATS,7,2.95,03/25/25 09:00:04
29650,19058,1GDN-001173-1,1173,1GDN,ARCA,ARCX,,B,N,Lmt,GDHG,23,3.23,03/25/25 12:49:30
29677,19074,1GDN-001173-1,1173,1GDN,ARCA,ARCX,,S,N,Lmt,GDHG,2,3.28,03/25/25 12:49:49
29678,19080,1GDN-001173-1,1173,1GDN,ARCA,ARCX,,S,N,Lmt,GDHG,2,3.28,03/25/25 12:49:49
29687,19084,1GDN-001173-1,1173,1GDN,ARCA,ARCX,,S,N,Lmt,GDHG,1,3.23,03/25/25 12:50:01
29695,19097,1GDN-001173-1,1173,1GDN,ARCA,ARCX,,S,N,Lmt,GDHG,1,3.21,03/25/25 12:50:11
29698,19096,1GDN-001173-1,1173,1GDN,ARCA,ARCX,,S,N,Lmt,GDHG,1,3.25,03/25/25 12:50:13
29700,19102,1GDN-001173-1,1173,1GDN,ARCA,ARCX,,S,N,Lmt,GDHG,1,3.26,03/25/25 12:50:16
29718,19108,1GDN-001173-1,1173,1GDN,ARCA,ARCX,,S,N,Lmt,GDHG,1,3.32,03/25/25 12:50:36
29730,19121,1GDN-001173-1,1173,1GDN,ARCA,ARCX,,S,N,Lmt,GDHG,1,3.33,03/25/25 12:50:55
29732,19130,1GDN-001173-1,1173,1GDN,ARCA,ARCX,,S,N,Lmt,GDHG,1,3.34,03/25/25 12:51:00
29759,19155,1GDN-001173-1,1173,1GDN,ARCA,ARCX,,S,N,Lmt,GDHG,1,3.42,03/25/25 12:52:01
29766,19158,1GDN-001173-1,1173,1GDN,ARCA,ARCX,,S,N,Lmt,GDHG,1,3.43,03/25/25 12:52:07
29767,19159,1GDN-001173-1,1173,1GDN,ARCA,ARCX,,S,N,Lmt,GDHG,1,3.49,03/25/25 12:52:11
24776,16221,1GDN-001173-1,1173,1GDN,ARCA,ARCX,,B,N,Lmt,MLGO,10,16.13,03/25/25 11:24:33
29784,19170,1GDN-001173-1,1173,1GDN,ARCA,ARCX,,S,N,Lmt,GDHG,1,3.53,03/25/25 12:52:25
29785,19176,1GDN-001173-1,1173,1GDN,ARCA,ARCX,,S,N,Lmt,GDHG,1,3.57,03/25/25 12:52:32
24792,16235,1GDN-001173-1,1173,1GDN,ARCA,ARCX,,S,N,Lmt,MLGO,5,16.43,03/25/25 11:24:50
24828,16271,1GDN-001173-1,1173,1GDN,ARCA,ARCX,,S,N,Lmt,MLGO,1,16.97,03/25/25 11:25:38
24829,16270,1GDN-001173-1,1173,1GDN,ARCA,ARCX,,S,N,Lmt,MLGO,1,17.0,03/25/25 11:25:38
19839,12377,1GDN-001173-1,1173,1GDN,ARCA,ARCX,,S,N,Lmt,DATS,2,5.11,03/25/25 10:22:42
19841,12379,1GDN-001173-1,1173,1GDN,ARCA,ARCX,,S,N,Lmt,DATS,1,5.05,03/25/25 10:22:45
24857,16278,1GDN-001173-1,1173,1GDN,ARCA,ARCX,,S,N,Lmt,MLGO,1,17.05,03/25/25 11:25:41
24860,16284,1GDN-001173-1,1173,1GDN,ARCA,ARCX,,S,N,Lmt,MLGO,1,17.37,03/25/25 11:25:46
19861,12390,1GDN-001173-1,1173,1GDN,ARCA,ARCX,,S,N,Lmt,DATS,1,5.35,03/25/25 10:23:08
24870,16291,1GDN-001173-1,1173,1GDN,ARCA,ARCX,,S,N,Lmt,MLGO,1,17.57,03/25/25 11:25:49
19874,12398,1GDN-001173-1,1173,1GDN,ARCA,ARCX,,S,N,Lmt,DATS,1,5.3,03/25/25 10:23:14
19890,12406,1GDN-001173-1,1173,1GDN,ARCA,ARCX,,S,N,Lmt,DATS,1,5.18,03/25/25 10:23:18
29942,19270,1GDN-001173-1,1173,1GDN,ARCA,ARCX,,S,N,Lmt,GDHG,1,3.45,03/25/25 12:55:52
19950,12456,1GDN-001173-1,1173,1GDN,ARCA,ARCX,,S,N,Lmt,DATS,1,5.2,03/25/25 10:23:49
19962,12470,1GDN-001173-1,1173,1GDN,ARCA,ARCX,,S,N,Lmt,DATS,14,5.13,03/25/25 10:24:15
29989,19315,1GDN-001173-1,1173,1GDN,ARCA,ARCX,,B,N,Lmt,GDHG,23,3.25,03/25/25 12:57:24
56021,36268,1GDN-001173-1,1173,1GDN,ARCA,ARCX,,B,N,Lmt,MLGO,7,16.81,03/25/25 11:28:25
61029,39242,1GDN-001173-1,1173,1GDN,ARCA,ARCX,,S,N,Lmt,GDHG,2,3.31,03/25/25 12:58:03
61030,39248,1GDN-001173-1,1173,1GDN,ARCA,ARCX,,S,N,Lmt,GDHG,2,3.32,03/25/25 12:58:06
61033,39253,1GDN-001173-1,1173,1GDN,ARCA,ARCX,,S,N,Lmt,GDHG,2,3.44,03/25/25 12:58:09
61051,39255,1GDN-001173-1,1173,1GDN,ARCA,ARCX,,S,N,Lmt,GDHG,2,3.46,03/25/25 12:58:11
61060,39257,1GDN-001173-1,1173,1GDN,ARCA,ARCX,,S,N,Lmt,GDHG,2,3.45,03/25/25 12:58:17
56062,36368,1GDN-001173-1,1173,1GDN,ARCA,ARCX,,S,N,Lmt,MLGO,1,17.1,03/25/25 11:28:48
56067,36374,1GDN-001173-1,1173,1GDN,ARCA,ARCX,,S,N,Lmt,MLGO,1,17.23,03/25/25 11:28:49
56087,36382,1GDN-001173-1,1173,1GDN,ARCA,ARCX,,S,N,Lmt,MLGO,1,17.48,03/25/25 11:29:09
56144,36415,1GDN-001173-1,1173,1GDN,ARCA,ARCX,,S,N,Lmt,MLGO,1,17.39,03/25/25 11:30:11
61149,39261,1GDN-001173-1,1173,1GDN,ARCA,ARCX,,S,N,Lmt,GDHG,1,3.42,03/25/25 12:58:34
56154,36442,1GDN-001173-1,1173,1GDN,ARCA,ARCX,,S,N,Lmt,MLGO,1,17.36,03/25/25 11:30:40
61174,39269,1GDN-001173-1,1173,1GDN,ARCA,ARCX,,S,N,Lmt,GDHG,1,3.4,03/25/25 12:58:53
61175,39267,1GDN-001173-1,1173,1GDN,ARCA,ARCX,,S,N,Lmt,GDHG,1,3.43,03/25/25 12:58:56
56182,36459,1GDN-001173-1,1173,1GDN,ARCA,ARCX,,S,N,Lmt,MLGO,1,17.78,03/25/25 11:30:50
61184,39277,1GDN-001173-1,1173,1GDN,ARCA,ARCX,,S,N,Lmt,GDHG,1,3.45,03/25/25 12:59:26
61185,39280,1GDN-001173-1,1173,1GDN,ARCA,ARCX,,S,N,Lmt,GDHG,1,3.47,03/25/25 12:59:28
61191,39281,1GDN-001173-1,1173,1GDN,ARCA,ARCX,,S,N,Lmt,GDHG,1,3.5,03/25/25 12:59:46
56278,36493,1GDN-001173-1,1173,1GDN,ARCA,ARCX,,S,N,Lmt,MLGO,1,17.56,03/25/25 11:32:14
61303,39310,1GDN-001173-1,1173,1GDN,ARCA,ARCX,,S,N,Lmt,GDHG,1,3.6,03/25/25 13:01:12
61305,39312,1GDN-001173-1,1173,1GDN,ARCA,ARCX,,S,N,Lmt,GDHG,1,3.6,03/25/25 13:01:19
61307,39314,1GDN-001173-1,1173,1GDN,ARCA,ARCX,,S,N,Lmt,GDHG,1,3.59,03/25/25 13:01:27
61309,39317,1GDN-001173-1,1173,1GDN,ARCA,ARCX,,S,N,Lmt,GDHG,1,3.58,03/25/25 13:01:33
61323,39330,1GDN-001173-1,1173,1GDN,ARCA,ARCX,,S,N,Lmt,GDHG,1,3.73,03/25/25 13:02:10
61329,39336,1GDN-001173-1,1173,1GDN,ARCA,ARCX,,S,N,Lmt,GDHG,1,3.74,03/25/25 13:02:53
61334,39343,1GDN-001173-1,1173,1GDN,ARCA,ARCX,,S,N,Lmt,GDHG,1,3.81,03/25/25 13:03:10
61341,39347,1GDN-001173-1,1173,1GDN,ARCA,ARCX,,S,N,Lmt,GDHG,1,3.85,03/25/25 13:03:18
61369,39365,1GDN-001173-1,1173,1GDN,ARCA,ARCX,,S,N,Lmt,GDHG,1,3.87,03/25/25 13:04:02
61396,39373,1GDN-001173-1,1173,1GDN,ARCA,ARCX,,S,N,Lmt,GDHG,4,3.98,03/25/25 13:04:24
61482,39437,1GDN-001173-1,1173,1GDN,ARCA,ARCX,,B,N,Lmt,GDHG,23,3.75,03/25/25 13:06:52
61484,39441,1GDN-001173-1,1173,1GDN,ARCA,ARCX,,B,N,Lmt,GDHG,23,3.65,03/25/25 13:07:26
56565,36584,1GDN-001173-1,1173,1GDN,ARCA,ARCX,,B,N,Lmt,MLGO,7,19.0,03/25/25 11:34:28
61585,39471,1GDN-001173-1,1173,1GDN,ARCA,ARCX,,S,N,Lmt,GDHG,4,3.71,03/25/25 13:10:12
61589,39516,1GDN-001173-1,1173,1GDN,ARCA,ARCX,,S,N,Lmt,GDHG,4,3.77,03/25/25 13:10:15
61597,39526,1GDN-001173-1,1173,1GDN,ARCA,ARCX,,S,N,Lmt,GDHG,3,3.79,03/25/25 13:10:21
61600,39520,1GDN-001173-1,1173,1GDN,ARCA,ARCX,,S,N,Lmt,GDHG,3,3.81,03/25/25 13:10:21
61602,39529,1GDN-001173-1,1173,1GDN,ARCA,ARCX,,S,N,Lmt,GDHG,3,3.78,03/25/25 13:10:25
56613,36614,1GDN-001173-1,1173,1GDN,ARCA,ARCX,,S,N,Lmt,MLGO,1,18.41,03/25/25 11:35:34
61622,39561,1GDN-001173-1,1173,1GDN,ARCA,ARCX,,S,N,Lmt,GDHG,5,3.72,03/25/25 13:10:51
61624,39564,1GDN-001173-1,1173,1GDN,ARCA,ARCX,,S,N,Lmt,GDHG,4,3.71,03/25/25 13:10:53
61649,39585,1GDN-001173-1,1173,1GDN,ARCA,ARCX,,S,N,Lmt,GDHG,4,3.53,03/25/25 13:11:36
61658,39591,1GDN-001173-1,1173,1GDN,ARCA,ARCX,,B,N,Lmt,GDHG,35,3.38,03/25/25 13:11:44
61663,39595,1GDN-001173-1,1173,1GDN,ARCA,ARCX,,B,N,Lmt,GDHG,35,3.39,03/25/25 13:11:47
56670,36658,1GDN-001173-1,1173,1GDN,ARCA,ARCX,,S,N,Lmt,MLGO,4,18.0,03/25/25 11:36:48
56671,36658,1GDN-001173-1,1173,1GDN,ARCA,ARCX,,S,N,Lmt,MLGO,2,18.0,03/25/25 11:36:48
61671,39599,1GDN-001173-1,1173,1GDN,ARCA,ARCX,,B,N,Lmt,GDHG,35,3.34,03/25/25 13:11:51
61685,39613,1GDN-001173-1,1173,1GDN,ARCA,ARCX,,S,N,Lmt,GDHG,60,3.46,03/25/25 13:12:01
61690,39619,1GDN-001173-1,1173,1GDN,ARCA,ARCX,,S,N,Lmt,GDHG,30,3.48,03/25/25 13:12:09
61703,39624,1GDN-001173-1,1173,1GDN,ARCA,ARCX,,S,N,Lmt,GDHG,15,3.5,03/25/25 13:12:18
31710,20459,1GDN-001173-1,1173,1GDN,ARCA,ARCX,,B,N,Lmt,TNON,23,1.97,03/25/25 05:16:47
61805,39692,1GDN-001173-1,1173,1GDN,ARCA,ARCX,,B,N,Lmt,GDHG,35,3.28,03/25/25 13:13:00
61824,39703,1GDN-001173-1,1173,1GDN,ARCA,ARCX,,S,N,Lmt,GDHG,25,3.35,03/25/25 13:13:18
61855,39745,1GDN-001173-1,1173,1GDN,ARCA,ARCX,,S,N,Lmt,GDHG,2,3.41,03/25/25 13:13:53
31887,20476,1GDN-001173-1,1173,1GDN,ARCA,ARCX,,S,N,Lmt,TNON,23,1.88,03/25/25 05:24:30
61924,39796,1GDN-001173-1,1173,1GDN,ARCA,ARCX,,S,N,Lmt,GDHG,4,3.15,03/25/25 13:16:05
61969,39824,1GDN-001173-1,1173,1GDN,ARCA,ARCX,,S,N,Lmt,GDHG,4,3.01,03/25/25 13:16:43
61971,39829,1GDN-001173-1,1173,1GDN,ARCA,ARCX,,S,N,Lmt,GDHG,3,2.99,03/25/25 13:16:47
61972,39830,1GDN-001173-1,1173,1GDN,ARCA,ARCX,,S,N,Lmt,GDHG,2,2.98,03/25/25 13:16:48
61978,39842,1GDN-001173-1,1173,1GDN,ARCA,ARCX,,S,N,Lmt,GDHG,11,2.88,03/25/25 13:16:55
32155,20678,1GDN-001173-1,1173,1GDN,ARCA,ARCX,,B,N,Lmt,TNON,35,2.14,03/25/25 05:53:47
32167,20683,1GDN-001173-1,1173,1GDN,ARCA,ARCX,,S,N,Lmt,TNON,3,2.18,03/25/25 05:54:23
32168,20686,1GDN-001173-1,1173,1GDN,ARCA,ARCX,,S,N,Lmt,TNON,3,2.18,03/25/25 05:54:23
32169,20689,1GDN-001173-1,1173,1GDN,ARCA,ARCX,,S,N,Lmt,TNON,2,2.17,03/25/25 05:55:13
32215,20719,1GDN-001173-1,1173,1GDN,ARCA,ARCX,,S,N,Lmt,TNON,2,2.18,03/25/25 05:59:41
32266,20741,1GDN-001173-1,1173,1GDN,ARCA,ARCX,,B,N,Lmt,TNON,35,2.1,03/25/25 06:01:55
32267,20739,1GDN-001173-1,1173,1GDN,ARCA,ARCX,,B,N,Lmt,TNON,35,2.1,03/25/25 06:01:56
32320,20780,1GDN-001173-1,1173,1GDN,ARCA,ARCX,,S,N,Lmt,TNON,9,2.11,03/25/25 06:03:41
32323,20775,1GDN-001173-1,1173,1GDN,ARCA,ARCX,,S,N,Lmt,TNON,9,2.12,03/25/25 06:03:43
32329,20791,1GDN-001173-1,1173,1GDN,ARCA,ARCX,,S,N,Lmt,TNON,7,2.12,03/25/25 06:04:10
32330,20792,1GDN-001173-1,1173,1GDN,ARCA,ARCX,,S,N,Lmt,TNON,7,2.12,03/25/25 06:04:10
32333,20795,1GDN-001173-1,1173,1GDN,ARCA,ARCX,,S,N,Lmt,TNON,6,2.14,03/25/25 06:04:21
32334,20796,1GDN-001173-1,1173,1GDN,ARCA,ARCX,,S,N,Lmt,TNON,6,2.14,03/25/25 06:04:21
32342,20806,1GDN-001173-1,1173,1GDN,ARCA,ARCX,,S,N,Lmt,TNON,5,2.14,03/25/25 06:04:38
32358,20808,1GDN-001173-1,1173,1GDN,ARCA,ARCX,,S,N,Lmt,TNON,4,2.15,03/25/25 06:05:11
32371,20825,1GDN-001173-1,1173,1GDN,ARCA,ARCX,,S,N,Lmt,TNON,4,2.17,03/25/25 06:05:15
32375,20832,1GDN-001173-1,1173,1GDN,ARCA,ARCX,,S,N,Lmt,TNON,3,2.16,03/25/25 06:05:24
32384,20842,1GDN-001173-1,1173,1GDN,ARCA,ARCX,,S,N,Lmt,TNON,3,2.18,03/25/25 06:05:31
32385,20838,1GDN-001173-1,1173,1GDN,ARCA,ARCX,,S,N,Lmt,TNON,3,2.18,03/25/25 06:05:31
32477,20912,1GDN-001173-1,1173,1GDN,ARCA,ARCX,,S,N,Lmt,TNON,2,2.14,03/25/25 06:14:15
32481,20916,1GDN-001173-1,1173,1GDN,ARCA,ARCX,,S,N,Lmt,TNON,2,2.17,03/25/25 06:14:20
32483,20919,1GDN-001173-1,1173,1GDN,ARCA,ARCX,,S,N,Lmt,TNON,2,2.15,03/25/25 06:14:45
32492,20926,1GDN-001173-1,1173,1GDN,ARCA,ARCX,,S,N,Lmt,TNON,2,2.17,03/25/25 06:15:31
32498,20931,1GDN-001173-1,1173,1GDN,ARCA,ARCX,,S,N,Lmt,TNON,2,2.22,03/25/25 06:15:36
32505,20939,1GDN-001173-1,1173,1GDN,ARCA,ARCX,,S,N,Lmt,TNON,1,2.25,03/25/25 06:15:59
32510,20942,1GDN-001173-1,1173,1GDN,ARCA,ARCX,,S,N,Lmt,TNON,1,2.25,03/25/25 06:16:14
32519,20954,1GDN-001173-1,1173,1GDN,ARCA,ARCX,,S,N,Lmt,TNON,1,2.28,03/25/25 06:16:32
32525,20959,1GDN-001173-1,1173,1GDN,ARCA,ARCX,,S,N,Lmt,TNON,1,2.29,03/25/25 06:16:50
32528,20967,1GDN-001173-1,1173,1GDN,ARCA,ARCX,,S,N,Lmt,TNON,1,2.28,03/25/25 06:17:15
32531,20960,1GDN-001173-1,1173,1GDN,ARCA,ARCX,,S,N,Lmt,TNON,1,2.29,03/25/25 06:17:40
32533,20969,1GDN-001173-1,1173,1GDN,ARCA,ARCX,,S,N,Lmt,TNON,1,2.32,03/25/25 06:17:47
32534,20970,1GDN-001173-1,1173,1GDN,ARCA,ARCX,,S,N,Lmt,TNON,1,2.33,03/25/25 06:17:52
32535,20976,1GDN-001173-1,1173,1GDN,ARCA,ARCX,,S,N,Lmt,TNON,1,2.33,03/25/25 06:18:00
32571,21013,1GDN-001173-1,1173,1GDN,ARCA,ARCX,,S,N,Lmt,TNON,1,2.35,03/25/25 06:19:36
32581,20982,1GDN-001173-1,1173,1GDN,ARCA,ARCX,,S,N,Lmt,TNON,1,2.38,03/25/25 06:19:56
32596,21041,1GDN-001173-1,1173,1GDN,ARCA,ARCX,,S,N,Lmt,TNON,8,2.35,03/25/25 06:21:43
52999,33802,1GDN-001173-1,1173,1GDN,ARCA,ARCX,,B,N,Lmt,DATS,10,4.71,03/25/25 10:45:07
53010,33814,1GDN-001173-1,1173,1GDN,ARCA,ARCX,,B,N,Lmt,DATS,10,4.68,03/25/25 10:45:15
53022,33837,1GDN-001173-1,1173,1GDN,ARCA,ARCX,,S,N,Lmt,DATS,2,4.72,03/25/25 10:45:28
53028,33839,1GDN-001173-1,1173,1GDN,ARCA,ARCX,,S,N,Lmt,DATS,1,4.74,03/25/25 10:45:30
53033,33845,1GDN-001173-1,1173,1GDN,ARCA,ARCX,,S,N,Lmt,DATS,1,4.73,03/25/25 10:45:34
53052,33854,1GDN-001173-1,1173,1GDN,ARCA,ARCX,,S,N,Lmt,DATS,1,4.8,03/25/25 10:45:53
53219,33929,1GDN-001173-1,1173,1GDN,ARCA,ARCX,,S,N,Lmt,DATS,1,4.78,03/25/25 10:47:31
53227,33859,1GDN-001173-1,1173,1GDN,ARCA,ARCX,,S,N,Lmt,DATS,1,4.81,03/25/25 10:47:43
53243,33855,1GDN-001173-1,1173,1GDN,ARCA,ARCX,,S,N,Lmt,DATS,1,4.83,03/25/25 10:48:06
53247,33962,1GDN-001173-1,1173,1GDN,ARCA,ARCX,,S,N,Lmt,DATS,1,4.93,03/25/25 10:48:09
53254,33965,1GDN-001173-1,1173,1GDN,ARCA,ARCX,,S,N,Lmt,DATS,1,4.98,03/25/25 10:48:13
53271,33973,1GDN-001173-1,1173,1GDN,ARCA,ARCX,,S,N,Lmt,DATS,1,5.09,03/25/25 10:48:20
53316,34008,1GDN-001173-1,1173,1GDN,ARCA,ARCX,,S,N,Lmt,DATS,1,5.19,03/25/25 10:48:42
53337,34020,1GDN-001173-1,1173,1GDN,ARCA,ARCX,,S,N,Lmt,DATS,1,5.18,03/25/25 10:48:45
53366,34044,1GDN-001173-1,1173,1GDN,ARCA,ARCX,,S,N,Lmt,DATS,1,5.15,03/25/25 10:48:54
53403,34091,1GDN-001173-1,1173,1GDN,ARCA,ARCX,,S,N,Lmt,DATS,1,5.18,03/25/25 10:49:37
53413,34106,1GDN-001173-1,1173,1GDN,ARCA,ARCX,,S,N,Lmt,DATS,1,5.16,03/25/25 10:50:02
53415,34026,1GDN-001173-1,1173,1GDN,ARCA,ARCX,,S,N,Lmt,DATS,1,5.24,03/25/25 10:50:03
33576,21906,1GDN-001173-1,1173,1GDN,ARCA,ARCX,,B,N,Lmt,TNON,23,3.58,03/25/25 07:03:38
33595,21919,1GDN-001173-1,1173,1GDN,ARCA,ARCX,,S,N,Lmt,TNON,11,3.6,03/25/25 07:03:46
53604,34281,1GDN-001173-1,1173,1GDN,ARCA,ARCX,,S,N,Lmt,DATS,1,5.13,03/25/25 10:53:02
33611,21937,1GDN-001173-1,1173,1GDN,ARCA,ARCX,,S,N,Lmt,TNON,6,3.63,03/25/25 07:03:59
33619,21946,1GDN-001173-1,1173,1GDN,ARCA,ARCX,,S,N,Lmt,TNON,3,3.7,03/25/25 07:04:07
33641,21970,1GDN-001173-1,1173,1GDN,ARCA,ARCX,,S,N,Lmt,TNON,3,3.74,03/25/25 07:04:21
53811,34466,1GDN-001173-1,1173,1GDN,ARCA,ARCX,,S,N,Lmt,DATS,2,4.95,03/25/25 10:56:16
48927,31049,1GDN-001173-1,1173,1GDN,ARCA,ARCX,,B,N,Lmt,DATS,23,5.24,03/25/25 10:06:59
48959,31073,1GDN-001173-1,1173,1GDN,ARCA,ARCX,,S,N,Lmt,DATS,4,5.06,03/25/25 10:07:26
48966,31077,1GDN-001173-1,1173,1GDN,ARCA,ARCX,,S,N,Lmt,DATS,3,5.01,03/25/25 10:07:27
49051,31141,1GDN-001173-1,1173,1GDN,ARCA,ARCX,,B,N,Lmt,DATS,35,5.04,03/25/25 10:07:54
49075,31162,1GDN-001173-1,1173,1GDN,ARCA,ARCX,,S,N,Lmt,DATS,25,5.11,03/25/25 10:08:20
49104,31184,1GDN-001173-1,1173,1GDN,ARCA,ARCX,,S,N,Lmt,DATS,5,5.18,03/25/25 10:08:44
49105,31186,1GDN-001173-1,1173,1GDN,ARCA,ARCX,,S,N,Lmt,DATS,4,5.18,03/25/25 10:08:44
49106,31190,1GDN-001173-1,1173,1GDN,ARCA,ARCX,,S,N,Lmt,DATS,3,5.17,03/25/25 10:08:46
49107,31191,1GDN-001173-1,1173,1GDN,ARCA,ARCX,,S,N,Lmt,DATS,2,5.18,03/25/25 10:08:46
49272,31288,1GDN-001173-1,1173,1GDN,ARCA,ARCX,,B,N,Lmt,DATS,35,4.92,03/25/25 10:09:50
49586,31536,1GDN-001173-1,1173,1GDN,ARCA,ARCX,,S,N,Lmt,DATS,23,5.02,03/25/25 10:13:14
49602,31552,1GDN-001173-1,1173,1GDN,ARCA,ARCX,,S,N,Lmt,DATS,12,5.12,03/25/25 10:13:22
49624,31570,1GDN-001173-1,1173,1GDN,ARCA,ARCX,,S,N,Lmt,DATS,6,5.18,03/25/25 10:13:34
49774,31710,1GDN-001173-1,1173,1GDN,ARCA,ARCX,,B,N,Lmt,DATS,8,4.62,03/25/25 10:14:42
49775,31710,1GDN-001173-1,1173,1GDN,ARCA,ARCX,,B,N,Lmt,DATS,27,4.62,03/25/25 10:14:42
49786,31722,1GDN-001173-1,1173,1GDN,ARCA,ARCX,,S,N,Lmt,DATS,2,4.69,03/25/25 10:14:52
49787,31722,1GDN-001173-1,1173,1GDN,ARCA,ARCX,,S,N,Lmt,DATS,18,4.69,03/25/25 10:14:53
49880,31750,1GDN-001173-1,1173,1GDN,ARCA,ARCX,,S,N,Lmt,DATS,2,4.72,03/25/25 10:15:11
49888,31758,1GDN-001173-1,1173,1GDN,ARCA,ARCX,,S,N,Lmt,DATS,1,4.73,03/25/25 10:15:15
60114,38611,1GDN-001173-1,1173,1GDN,ARCA,ARCX,,B,N,Lmt,GDHG,7,3.17,03/25/25 12:40:24
50167,31875,1GDN-001173-1,1173,1GDN,ARCA,ARCX,,B,N,Lmt,DATS,35,4.5,03/25/25 10:16:47
60169,38642,1GDN-001173-1,1173,1GDN,ARCA,ARCX,,B,N,Lmt,GDHG,35,3.11,03/25/25 12:41:17
60174,38658,1GDN-001173-1,1173,1GDN,ARCA,ARCX,,S,N,Lmt,GDHG,21,3.24,03/25/25 12:41:41
50207,31895,1GDN-001173-1,1173,1GDN,ARCA,ARCX,,B,N,Lmt,DATS,35,4.48,03/25/25 10:17:08
60223,38683,1GDN-001173-1,1173,1GDN,ARCA,ARCX,,S,N,Lmt,GDHG,6,3.24,03/25/25 12:43:07
60228,38706,1GDN-001173-1,1173,1GDN,ARCA,ARCX,,S,N,Lmt,GDHG,6,3.33,03/25/25 12:43:29
50234,31941,1GDN-001173-1,1173,1GDN,ARCA,ARCX,,S,N,Lmt,DATS,8,4.55,03/25/25 10:17:36
60246,38720,1GDN-001173-1,1173,1GDN,ARCA,ARCX,,S,N,Lmt,GDHG,6,3.47,03/25/25 12:44:18
60272,38724,1GDN-001173-1,1173,1GDN,ARCA,ARCX,,S,N,Lmt,GDHG,3,3.55,03/25/25 12:44:59
50298,31946,1GDN-001173-1,1173,1GDN,ARCA,ARCX,,S,N,Lmt,DATS,8,4.57,03/25/25 10:18:05
50304,31964,1GDN-001173-1,1173,1GDN,ARCA,ARCX,,S,N,Lmt,DATS,7,4.53,03/25/25 10:18:09
50384,32031,1GDN-001173-1,1173,1GDN,ARCA,ARCX,,S,N,Lmt,DATS,6,4.61,03/25/25 10:19:01
40398,26166,1GDN-001173-1,1173,1GDN,ARCA,ARCX,,B,N,Lmt,DATS,23,3.185,03/25/25 08:56:11
50412,32051,1GDN-001173-1,1173,1GDN,ARCA,ARCX,,S,N,Lmt,DATS,5,4.71,03/25/25 10:19:09
40424,26168,1GDN-001173-1,1173,1GDN,ARCA,ARCX,,B,N,Lmt,DATS,23,3.1,03/25/25 08:56:45
50428,32063,1GDN-001173-1,1173,1GDN,ARCA,ARCX,,S,N,Lmt,DATS,5,4.78,03/25/25 10:19:13
50451,32068,1GDN-001173-1,1173,1GDN,ARCA,ARCX,,S,N,Lmt,DATS,3,4.75,03/25/25 10:19:17
50456,32068,1GDN-001173-1,1173,1GDN,ARCA,ARCX,,S,N,Lmt,DATS,1,4.75,03/25/25 10:19:17
50457,32072,1GDN-001173-1,1173,1GDN,ARCA,ARCX,,S,N,Lmt,DATS,4,4.77,03/25/25 10:19:18
40470,26202,1GDN-001173-1,1173,1GDN,ARCA,ARCX,,S,N,Lmt,DATS,23,3.18,03/25/25 08:57:48
50470,32076,1GDN-001173-1,1173,1GDN,ARCA,ARCX,,S,N,Lmt,DATS,4,4.79,03/25/25 10:19:23
50473,32079,1GDN-001173-1,1173,1GDN,ARCA,ARCX,,S,N,Lmt,DATS,3,4.82,03/25/25 10:19:26
40475,26206,1GDN-001173-1,1173,1GDN,ARCA,ARCX,,S,N,Lmt,DATS,4,3.25,03/25/25 08:58:06
40476,26207,1GDN-001173-1,1173,1GDN,ARCA,ARCX,,S,N,Lmt,DATS,3,3.26,03/25/25 08:58:08
40477,26208,1GDN-001173-1,1173,1GDN,ARCA,ARCX,,S,N,Lmt,DATS,3,3.24,03/25/25 08:58:11
40479,26211,1GDN-001173-1,1173,1GDN,ARCA,ARCX,,S,N,Lmt,DATS,2,3.25,03/25/25 08:58:13
40481,26218,1GDN-001173-1,1173,1GDN,ARCA,ARCX,,S,N,Lmt,DATS,2,3.24,03/25/25 08:58:23
40487,26231,1GDN-001173-1,1173,1GDN,ARCA,ARCX,,S,N,Lmt,DATS,1,3.31,03/25/25 08:59:06
50487,32095,1GDN-001173-1,1173,1GDN,ARCA,ARCX,,S,N,Lmt,DATS,6,4.83,03/25/25 10:19:36
40488,26232,1GDN-001173-1,1173,1GDN,ARCA,ARCX,,S,N,Lmt,DATS,1,3.35,03/25/25 08:59:06
50488,32081,1GDN-001173-1,1173,1GDN,ARCA,ARCX,,S,N,Lmt,DATS,3,4.84,03/25/25 10:19:37
50494,32110,1GDN-001173-1,1173,1GDN,ARCA,ARCX,,S,N,Lmt,DATS,2,4.91,03/25/25 10:19:45
50530,32130,1GDN-001173-1,1173,1GDN,ARCA,ARCX,,S,N,Lmt,DATS,2,4.9,03/25/25 10:20:07
40546,26260,1GDN-001173-1,1173,1GDN,ARCA,ARCX,,S,N,Lmt,DATS,7,2.95,03/25/25 09:00:04
60639,38979,1GDN-001173-1,1173,1GDN,ARCA,ARCX,,B,N,Lmt,GDHG,23,3.23,03/25/25 12:49:30
60666,38995,1GDN-001173-1,1173,1GDN,ARCA,ARCX,,S,N,Lmt,GDHG,2,3.28,03/25/25 12:49:49
60667,39001,1GDN-001173-1,1173,1GDN,ARCA,ARCX,,S,N,Lmt,GDHG,2,3.28,03/25/25 12:49:49
60676,39005,1GDN-001173-1,1173,1GDN,ARCA,ARCX,,S,N,Lmt,GDHG,1,3.23,03/25/25 12:50:01
60684,39018,1GDN-001173-1,1173,1GDN,ARCA,ARCX,,S,N,Lmt,GDHG,1,3.21,03/25/25 12:50:11
60687,39017,1GDN-001173-1,1173,1GDN,ARCA,ARCX,,S,N,Lmt,GDHG,1,3.25,03/25/25 12:50:13
60689,39023,1GDN-001173-1,1173,1GDN,ARCA,ARCX,,S,N,Lmt,GDHG,1,3.26,03/25/25 12:50:16
60707,39029,1GDN-001173-1,1173,1GDN,ARCA,ARCX,,S,N,Lmt,GDHG,1,3.32,03/25/25 12:50:36
60719,39042,1GDN-001173-1,1173,1GDN,ARCA,ARCX,,S,N,Lmt,GDHG,1,3.33,03/25/25 12:50:55
60721,39051,1GDN-001173-1,1173,1GDN,ARCA,ARCX,,S,N,Lmt,GDHG,1,3.34,03/25/25 12:51:00
60748,39076,1GDN-001173-1,1173,1GDN,ARCA,ARCX,,S,N,Lmt,GDHG,1,3.42,03/25/25 12:52:01
60755,39079,1GDN-001173-1,1173,1GDN,ARCA,ARCX,,S,N,Lmt,GDHG,1,3.43,03/25/25 12:52:07
60756,39080,1GDN-001173-1,1173,1GDN,ARCA,ARCX,,S,N,Lmt,GDHG,1,3.49,03/25/25 12:52:11
55765,36142,1GDN-001173-1,1173,1GDN,ARCA,ARCX,,B,N,Lmt,MLGO,10,16.13,03/25/25 11:24:33
60773,39091,1GDN-001173-1,1173,1GDN,ARCA,ARCX,,S,N,Lmt,GDHG,1,3.53,03/25/25 12:52:25
60774,39097,1GDN-001173-1,1173,1GDN,ARCA,ARCX,,S,N,Lmt,GDHG,1,3.57,03/25/25 12:52:32
55781,36156,1GDN-001173-1,1173,1GDN,ARCA,ARCX,,S,N,Lmt,MLGO,5,16.43,03/25/25 11:24:50
55817,36192,1GDN-001173-1,1173,1GDN,ARCA,ARCX,,S,N,Lmt,MLGO,1,16.97,03/25/25 11:25:38
55818,36191,1GDN-001173-1,1173,1GDN,ARCA,ARCX,,S,N,Lmt,MLGO,1,17.0,03/25/25 11:25:38
50828,32298,1GDN-001173-1,1173,1GDN,ARCA,ARCX,,S,N,Lmt,DATS,2,5.11,03/25/25 10:22:42
50830,32300,1GDN-001173-1,1173,1GDN,ARCA,ARCX,,S,N,Lmt,DATS,1,5.05,03/25/25 10:22:45
55846,36199,1GDN-001173-1,1173,1GDN,ARCA,ARCX,,S,N,Lmt,MLGO,1,17.05,03/25/25 11:25:41
55849,36205,1GDN-001173-1,1173,1GDN,ARCA,ARCX,,S,N,Lmt,MLGO,1,17.37,03/25/25 11:25:46
50850,32311,1GDN-001173-1,1173,1GDN,ARCA,ARCX,,S,N,Lmt,DATS,1,5.35,03/25/25 10:23:08
55859,36212,1GDN-001173-1,1173,1GDN,ARCA,ARCX,,S,N,Lmt,MLGO,1,17.57,03/25/25 11:25:49
50863,32319,1GDN-001173-1,1173,1GDN,ARCA,ARCX,,S,N,Lmt,DATS,1,5.3,03/25/25 10:23:14
50879,32327,1GDN-001173-1,1173,1GDN,ARCA,ARCX,,S,N,Lmt,DATS,1,5.18,03/25/25 10:23:18
60931,39191,1GDN-001173-1,1173,1GDN,ARCA,ARCX,,S,N,Lmt,GDHG,1,3.45,03/25/25 12:55:52
50939,32377,1GDN-001173-1,1173,1GDN,ARCA,ARCX,,S,N,Lmt,DATS,1,5.2,03/25/25 10:23:49
50951,32391,1GDN-001173-1,1173,1GDN,ARCA,ARCX,,S,N,Lmt,DATS,14,5.13,03/25/25 10:24:15
60978,39236,1GDN-001173-1,1173,1GDN,ARCA,ARCX,,B,N,Lmt,GDHG,23,3.25,03/25/25 12:57:24
